{
    "accuracy": 0.9887005649717514,
    "classification_report": {
        "tench": {
            "precision": 0.9977116704805492,
            "recall": 0.9977116704805492,
            "f1-score": 0.9977116704805492,
            "support": 437
        },
        "springer": {
            "precision": 1.0,
            "recall": 0.9977528089887641,
            "f1-score": 0.998875140607424,
            "support": 445
        },
        "casette_player": {
            "precision": 0.9688995215311005,
            "recall": 0.995085995085995,
            "f1-score": 0.9818181818181818,
            "support": 407
        },
        "chain_saw": {
            "precision": 0.9810874704491725,
            "recall": 0.9518348623853211,
            "f1-score": 0.9662398137369034,
            "support": 436
        },
        "church": {
            "precision": 1.0,
            "recall": 1.0,
            "f1-score": 1.0,
            "support": 459
        },
        "French_horn": {
            "precision": 0.9823008849557522,
            "recall": 1.0,
            "f1-score": 0.9910714285714286,
            "support": 444
        },
        "garbage_truck": {
            "precision": 0.9908675799086758,
            "recall": 0.9886104783599089,
            "f1-score": 0.9897377423033068,
            "support": 439
        },
        "gas_pump": {
            "precision": 0.9746300211416491,
            "recall": 0.9829424307036247,
            "f1-score": 0.9787685774946921,
            "support": 469
        },
        "gold_ball": {
            "precision": 0.9977272727272727,
            "recall": 0.977728285077951,
            "f1-score": 0.9876265466816648,
            "support": 449
        },
        "parachute": {
            "precision": 0.9931972789115646,
            "recall": 0.9954545454545455,
            "f1-score": 0.9943246311010216,
            "support": 440
        },
        "accuracy": 0.9887005649717514,
        "macro avg": {
            "precision": 0.9886421700105735,
            "recall": 0.988712107653666,
            "f1-score": 0.9886173732795172,
            "support": 4425
        },
        "weighted avg": {
            "precision": 0.9887720973944242,
            "recall": 0.9887005649717514,
            "f1-score": 0.9886780111877936,
            "support": 4425
        }
    },
    "confusion_matrix": null
}