{
    "accuracy": 0.9986270989544831,
    "classification_report": {
        "tench": {
            "precision": 1.0,
            "recall": 0.9989615784008308,
            "f1-score": 0.9994805194805195,
            "support": 963
        },
        "springer": {
            "precision": 1.0,
            "recall": 0.9989528795811519,
            "f1-score": 0.9994761655316919,
            "support": 955
        },
        "casette_player": {
            "precision": 1.0,
            "recall": 0.9909365558912386,
            "f1-score": 0.9954476479514416,
            "support": 993
        },
        "chain_saw": {
            "precision": 0.9988358556461001,
            "recall": 1.0,
            "f1-score": 0.9994175888177053,
            "support": 858
        },
        "church": {
            "precision": 1.0,
            "recall": 1.0,
            "f1-score": 1.0,
            "support": 941
        },
        "French_horn": {
            "precision": 1.0,
            "recall": 1.0,
            "f1-score": 1.0,
            "support": 956
        },
        "garbage_truck": {
            "precision": 1.0,
            "recall": 0.9989594172736732,
            "f1-score": 0.9994794377928162,
            "support": 961
        },
        "gas_pump": {
            "precision": 0.9893730074388948,
            "recall": 1.0,
            "f1-score": 0.9946581196581196,
            "support": 931
        },
        "gold_ball": {
            "precision": 1.0,
            "recall": 0.9989484752891693,
            "f1-score": 0.9994739610731194,
            "support": 951
        },
        "parachute": {
            "precision": 0.997920997920998,
            "recall": 1.0,
            "f1-score": 0.9989594172736733,
            "support": 960
        },
        "accuracy": 0.9986270989544831,
        "macro avg": {
            "precision": 0.9986129861005993,
            "recall": 0.9986758906436062,
            "f1-score": 0.9986392857579087,
            "support": 9469
        },
        "weighted avg": {
            "precision": 0.9986388839448858,
            "recall": 0.9986270989544831,
            "f1-score": 0.9986277865294908,
            "support": 9469
        }
    },
    "confusion_matrix": null
}