{
    "accuracy": 0.9972541979089661,
    "classification_report": {
        "tench": {
            "precision": 1.0,
            "recall": 0.9989615784008308,
            "f1-score": 0.9994805194805195,
            "support": 963
        },
        "springer": {
            "precision": 1.0,
            "recall": 0.9968586387434555,
            "f1-score": 0.9984268484530676,
            "support": 955
        },
        "casette_player": {
            "precision": 0.991008991008991,
            "recall": 0.998992950654582,
            "f1-score": 0.9949849548645937,
            "support": 993
        },
        "chain_saw": {
            "precision": 0.9988249118683902,
            "recall": 0.9906759906759907,
            "f1-score": 0.9947337624341721,
            "support": 858
        },
        "church": {
            "precision": 1.0,
            "recall": 1.0,
            "f1-score": 1.0,
            "support": 941
        },
        "French_horn": {
            "precision": 0.9947970863683663,
            "recall": 1.0,
            "f1-score": 0.9973917579551381,
            "support": 956
        },
        "garbage_truck": {
            "precision": 0.9979166666666667,
            "recall": 0.9968782518210197,
            "f1-score": 0.9973971889640811,
            "support": 961
        },
        "gas_pump": {
            "precision": 1.0,
            "recall": 0.99140708915145,
            "f1-score": 0.9956850053937433,
            "support": 931
        },
        "gold_ball": {
            "precision": 0.9906152241918665,
            "recall": 0.9989484752891693,
            "f1-score": 0.9947643979057592,
            "support": 951
        },
        "parachute": {
            "precision": 1.0,
            "recall": 0.9989583333333333,
            "f1-score": 0.9994788952579468,
            "support": 960
        },
        "accuracy": 0.9972541979089661,
        "macro avg": {
            "precision": 0.9973162880104282,
            "recall": 0.9971681308069831,
            "f1-score": 0.9972343330709024,
            "support": 9469
        },
        "weighted avg": {
            "precision": 0.997271381549931,
            "recall": 0.9972541979089661,
            "f1-score": 0.9972550058040612,
            "support": 9469
        }
    },
    "confusion_matrix": null
}