{
    "accuracy": 0.9966205512725737,
    "classification_report": {
        "tench": {
            "precision": 1.0,
            "recall": 0.9740394600207685,
            "f1-score": 0.9868490268279853,
            "support": 963
        },
        "springer": {
            "precision": 0.9989539748953975,
            "recall": 1.0,
            "f1-score": 0.9994767137624281,
            "support": 955
        },
        "casette_player": {
            "precision": 0.9979859013091642,
            "recall": 0.9979859013091642,
            "f1-score": 0.9979859013091642,
            "support": 993
        },
        "chain_saw": {
            "precision": 0.9727582292849035,
            "recall": 0.9988344988344988,
            "f1-score": 0.9856239217941345,
            "support": 858
        },
        "church": {
            "precision": 0.9989384288747346,
            "recall": 1.0,
            "f1-score": 0.9994689325544344,
            "support": 941
        },
        "French_horn": {
            "precision": 1.0,
            "recall": 1.0,
            "f1-score": 1.0,
            "support": 956
        },
        "garbage_truck": {
            "precision": 1.0,
            "recall": 0.9968782518210197,
            "f1-score": 0.9984366857738405,
            "support": 961
        },
        "gas_pump": {
            "precision": 0.9957173447537473,
            "recall": 0.9989258861439313,
            "f1-score": 0.9973190348525469,
            "support": 931
        },
        "gold_ball": {
            "precision": 1.0,
            "recall": 1.0,
            "f1-score": 1.0,
            "support": 951
        },
        "parachute": {
            "precision": 1.0,
            "recall": 1.0,
            "f1-score": 1.0,
            "support": 960
        },
        "accuracy": 0.9966205512725737,
        "macro avg": {
            "precision": 0.9964353879117948,
            "recall": 0.9966663998129383,
            "f1-score": 0.9965160216874533,
            "support": 9469
        },
        "weighted avg": {
            "precision": 0.9966883003789645,
            "recall": 0.9966205512725737,
            "f1-score": 0.9966208830275574,
            "support": 9469
        }
    },
    "confusion_matrix": null
}