{
    "accuracy": 0.9987327067272151,
    "classification_report": {
        "tench": {
            "precision": 1.0,
            "recall": 1.0,
            "f1-score": 1.0,
            "support": 963
        },
        "springer": {
            "precision": 1.0,
            "recall": 1.0,
            "f1-score": 1.0,
            "support": 955
        },
        "casette_player": {
            "precision": 1.0,
            "recall": 0.9959718026183283,
            "f1-score": 0.9979818365287589,
            "support": 993
        },
        "chain_saw": {
            "precision": 0.9930394431554525,
            "recall": 0.9976689976689976,
            "f1-score": 0.9953488372093023,
            "support": 858
        },
        "church": {
            "precision": 0.9989384288747346,
            "recall": 1.0,
            "f1-score": 0.9994689325544344,
            "support": 941
        },
        "French_horn": {
            "precision": 1.0,
            "recall": 0.997907949790795,
            "f1-score": 0.9989528795811519,
            "support": 956
        },
        "garbage_truck": {
            "precision": 1.0,
            "recall": 0.9989594172736732,
            "f1-score": 0.9994794377928162,
            "support": 961
        },
        "gas_pump": {
            "precision": 0.9967880085653105,
            "recall": 1.0,
            "f1-score": 0.9983914209115281,
            "support": 931
        },
        "gold_ball": {
            "precision": 0.9989462592202318,
            "recall": 0.9968454258675079,
            "f1-score": 0.9978947368421053,
            "support": 951
        },
        "parachute": {
            "precision": 0.9989594172736732,
            "recall": 1.0,
            "f1-score": 0.9994794377928162,
            "support": 960
        },
        "accuracy": 0.9987327067272151,
        "macro avg": {
            "precision": 0.9986671557089402,
            "recall": 0.9987353593219301,
            "f1-score": 0.9986997519212913,
            "support": 9469
        },
        "weighted avg": {
            "precision": 0.9987366641539736,
            "recall": 0.9987327067272151,
            "f1-score": 0.9987332128015016,
            "support": 9469
        }
    },
    "confusion_matrix": null
}