{
    "accuracy": 0.9961581920903955,
    "classification_report": {
        "tench": {
            "precision": 1.0,
            "recall": 1.0,
            "f1-score": 1.0,
            "support": 437
        },
        "springer": {
            "precision": 1.0,
            "recall": 0.9955056179775281,
            "f1-score": 0.9977477477477478,
            "support": 445
        },
        "casette_player": {
            "precision": 0.9926650366748166,
            "recall": 0.9975429975429976,
            "f1-score": 0.9950980392156863,
            "support": 407
        },
        "chain_saw": {
            "precision": 0.9908045977011494,
            "recall": 0.9885321100917431,
            "f1-score": 0.9896670493685419,
            "support": 436
        },
        "church": {
            "precision": 0.9956616052060737,
            "recall": 1.0,
            "f1-score": 0.9978260869565216,
            "support": 459
        },
        "French_horn": {
            "precision": 1.0,
            "recall": 1.0,
            "f1-score": 1.0,
            "support": 444
        },
        "garbage_truck": {
            "precision": 0.9954441913439636,
            "recall": 0.9954441913439636,
            "f1-score": 0.9954441913439636,
            "support": 439
        },
        "gas_pump": {
            "precision": 0.9893842887473461,
            "recall": 0.9936034115138592,
            "f1-score": 0.9914893617021276,
            "support": 469
        },
        "gold_ball": {
            "precision": 1.0,
            "recall": 0.9933184855233853,
            "f1-score": 0.9966480446927374,
            "support": 449
        },
        "parachute": {
            "precision": 0.9977272727272727,
            "recall": 0.9977272727272727,
            "f1-score": 0.9977272727272727,
            "support": 440
        },
        "accuracy": 0.9961581920903955,
        "macro avg": {
            "precision": 0.9961686992400622,
            "recall": 0.996167408672075,
            "f1-score": 0.9961647793754599,
            "support": 4425
        },
        "weighted avg": {
            "precision": 0.9961661881890269,
            "recall": 0.9961581920903955,
            "f1-score": 0.9961589016613778,
            "support": 4425
        }
    },
    "confusion_matrix": null
}