{
    "accuracy": 0.9957062146892656,
    "classification_report": {
        "tench": {
            "precision": 1.0,
            "recall": 1.0,
            "f1-score": 1.0,
            "support": 437
        },
        "springer": {
            "precision": 1.0,
            "recall": 0.9955056179775281,
            "f1-score": 0.9977477477477478,
            "support": 445
        },
        "casette_player": {
            "precision": 0.9878048780487805,
            "recall": 0.995085995085995,
            "f1-score": 0.9914320685434517,
            "support": 407
        },
        "chain_saw": {
            "precision": 0.9908045977011494,
            "recall": 0.9885321100917431,
            "f1-score": 0.9896670493685419,
            "support": 436
        },
        "church": {
            "precision": 0.9978260869565218,
            "recall": 1.0,
            "f1-score": 0.9989118607181718,
            "support": 459
        },
        "French_horn": {
            "precision": 0.9977528089887641,
            "recall": 1.0,
            "f1-score": 0.998875140607424,
            "support": 444
        },
        "garbage_truck": {
            "precision": 0.9954337899543378,
            "recall": 0.9931662870159453,
            "f1-score": 0.9942987457240592,
            "support": 439
        },
        "gas_pump": {
            "precision": 0.9893842887473461,
            "recall": 0.9936034115138592,
            "f1-score": 0.9914893617021276,
            "support": 469
        },
        "gold_ball": {
            "precision": 1.0,
            "recall": 0.9933184855233853,
            "f1-score": 0.9966480446927374,
            "support": 449
        },
        "parachute": {
            "precision": 0.9977272727272727,
            "recall": 0.9977272727272727,
            "f1-score": 0.9977272727272727,
            "support": 440
        },
        "accuracy": 0.9957062146892656,
        "macro avg": {
            "precision": 0.9956733723124171,
            "recall": 0.9956939179935729,
            "f1-score": 0.9956797291831535,
            "support": 4425
        },
        "weighted avg": {
            "precision": 0.9957171697808067,
            "recall": 0.9957062146892656,
            "f1-score": 0.9957078354230854,
            "support": 4425
        }
    },
    "confusion_matrix": null
}