{
    "accuracy": 0.9959322033898305,
    "classification_report": {
        "tench": {
            "precision": 0.997716894977169,
            "recall": 1.0,
            "f1-score": 0.9988571428571429,
            "support": 437
        },
        "springer": {
            "precision": 1.0,
            "recall": 0.9932584269662922,
            "f1-score": 0.9966178128523112,
            "support": 445
        },
        "casette_player": {
            "precision": 0.9926650366748166,
            "recall": 0.9975429975429976,
            "f1-score": 0.9950980392156863,
            "support": 407
        },
        "chain_saw": {
            "precision": 0.9908045977011494,
            "recall": 0.9885321100917431,
            "f1-score": 0.9896670493685419,
            "support": 436
        },
        "church": {
            "precision": 0.9978260869565218,
            "recall": 1.0,
            "f1-score": 0.9989118607181718,
            "support": 459
        },
        "French_horn": {
            "precision": 1.0,
            "recall": 1.0,
            "f1-score": 1.0,
            "support": 444
        },
        "garbage_truck": {
            "precision": 0.9954441913439636,
            "recall": 0.9954441913439636,
            "f1-score": 0.9954441913439636,
            "support": 439
        },
        "gas_pump": {
            "precision": 0.9872881355932204,
            "recall": 0.9936034115138592,
            "f1-score": 0.9904357066950054,
            "support": 469
        },
        "gold_ball": {
            "precision": 1.0,
            "recall": 0.9933184855233853,
            "f1-score": 0.9966480446927374,
            "support": 449
        },
        "parachute": {
            "precision": 0.9977272727272727,
            "recall": 0.9977272727272727,
            "f1-score": 0.9977272727272727,
            "support": 440
        },
        "accuracy": 0.9959322033898305,
        "macro avg": {
            "precision": 0.9959472215974113,
            "recall": 0.9959426895709514,
            "f1-score": 0.9959407120470833,
            "support": 4425
        },
        "weighted avg": {
            "precision": 0.9959430660193532,
            "recall": 0.9959322033898305,
            "f1-score": 0.9959333550756962,
            "support": 4425
        }
    },
    "confusion_matrix": null
}