{
    "accuracy": 0.984180790960452,
    "classification_report": {
        "tench": {
            "precision": 1.0,
            "recall": 0.9908466819221968,
            "f1-score": 0.9954022988505747,
            "support": 437
        },
        "springer": {
            "precision": 0.9977528089887641,
            "recall": 0.9977528089887641,
            "f1-score": 0.9977528089887641,
            "support": 445
        },
        "casette_player": {
            "precision": 0.9702233250620348,
            "recall": 0.9606879606879607,
            "f1-score": 0.9654320987654321,
            "support": 407
        },
        "chain_saw": {
            "precision": 0.9760191846522782,
            "recall": 0.9334862385321101,
            "f1-score": 0.9542790152403283,
            "support": 436
        },
        "church": {
            "precision": 0.9978213507625272,
            "recall": 0.9978213507625272,
            "f1-score": 0.9978213507625272,
            "support": 459
        },
        "French_horn": {
            "precision": 0.9844789356984479,
            "recall": 1.0,
            "f1-score": 0.9921787709497207,
            "support": 444
        },
        "garbage_truck": {
            "precision": 0.9521739130434783,
            "recall": 0.9977220956719818,
            "f1-score": 0.9744160177975527,
            "support": 439
        },
        "gas_pump": {
            "precision": 0.9704016913319239,
            "recall": 0.9786780383795309,
            "f1-score": 0.9745222929936306,
            "support": 469
        },
        "gold_ball": {
            "precision": 0.9955056179775281,
            "recall": 0.9866369710467706,
            "f1-score": 0.9910514541387024,
            "support": 449
        },
        "parachute": {
            "precision": 0.9977220956719818,
            "recall": 0.9954545454545455,
            "f1-score": 0.9965870307167236,
            "support": 440
        },
        "accuracy": 0.984180790960452,
        "macro avg": {
            "precision": 0.9842098923188966,
            "recall": 0.9839086691446388,
            "f1-score": 0.9839443139203956,
            "support": 4425
        },
        "weighted avg": {
            "precision": 0.9843246081100776,
            "recall": 0.984180790960452,
            "f1-score": 0.9841389101451897,
            "support": 4425
        }
    },
    "confusion_matrix": null
}