{
    "accuracy": null,
    "classification_report": {
        "eval_loss": 0.6740913987159729,
        "eval_accuracy": 0.8424015009380863,
        "eval_precision": 0.842522069516777,
        "eval_recall": 0.8424015009380863,
        "eval_f1-score": 0.8423876309564042,
        "eval_runtime": 4.357,
        "eval_samples_per_second": 244.664,
        "eval_steps_per_second": 15.378,
        "epoch": 3.0
    },
    "confusion_matrix": null
}