{
    "accuracy": 0.8217636022514071,
    "classification_report": {
        "negative": {
            "precision": 0.809009009009009,
            "recall": 0.8424015009380863,
            "f1-score": 0.8253676470588235,
            "support": 533.0
        },
        "positive": {
            "precision": 0.8356164383561644,
            "recall": 0.801125703564728,
            "f1-score": 0.8180076628352491,
            "support": 533.0
        },
        "accuracy": 0.8217636022514071,
        "macro avg": {
            "precision": 0.8223127236825867,
            "recall": 0.8217636022514072,
            "f1-score": 0.8216876549470362,
            "support": 1066.0
        },
        "weighted avg": {
            "precision": 0.8223127236825866,
            "recall": 0.8217636022514071,
            "f1-score": 0.8216876549470363,
            "support": 1066.0
        }
    },
    "confusion_matrix": {
        "negative": {
            "negative": 449,
            "positive": 84
        },
        "positive": {
            "negative": 106,
            "positive": 427
        }
    }
}